dim,p,n,stabilization,dofs,L2,H1,L2_order,H1_order,time,residual,boundary_error
1,1,8,galerkin,18,0.01778732369444182,0.562103914238524,0.0,0.0,0.3,5.905556014645429e-16,0.0
1,1,16,galerkin,34,0.0044456133537767555,0.28142803999580834,2.0003950729219544,0.9980707830159603,0.3,8.31274462502627e-16,0.0
1,1,32,galerkin,66,0.0011113275944994643,0.14076065752063874,2.0000983253635014,0.9995219198829721,0.3,6.587682627194571e-16,0.0
1,2,8,galerkin,34,0.0005495724342469013,0.028507492908105145,0.0,0.0,0.3,5.057608419718527e-16,0.0
1,2,16,galerkin,66,6.879559294950434e-05,0.007134442945290781,2.9979215886332993,1.9984684729102493,0.3,8.517685511543404e-16,0.0
1,2,32,galerkin,130,8.60254140985426e-06,0.0017840831797451002,2.9994813119829193,1.9996179090456618,0.3,1.5688677482495788e-15,0.0
1,1,8,supg,18,0.01888917541687939,0.5618228369312998,0.0,0.0,0.3,5.820276691174755e-16,0.0
1,1,16,supg,34,0.0047281268610491044,0.28139205143730844,1.998219073764393,0.997533691287058,0.3,5.835348620478564e-16,0.0
1,1,32,supg,66,0.0011823960724680366,0.14075613273980492,1.9995553627471718,0.9993837950781405,0.3,8.988647421090734e-16,0.0
1,2,8,supg,34,0.0005490040361670475,0.02849067391263885,0.0,0.0,0.3,7.510263071645658e-16,0.0
1,2,16,supg,66,6.877785640267773e-05,0.007133388000812912,2.996800698426362,1.9978303950871839,0.3,9.080068047296703e-16,0.0
1,2,32,supg,130,8.601987332138679e-06,0.0017840171859928886,2.9992022403460465,1.9994579338266985,0.3,1.4577473411745813e-15,0.0
2,1,4,galerkin,50,0.16741759160021355,1.8840769108014823,0.0,0.0,0.3,3.653241642452454e-16,0.0
2,1,8,galerkin,162,0.04411553442075196,0.9671566044015742,1.924092461588961,0.9620364405975481,0.3,6.729591475078756e-16,0.0
2,1,16,galerkin,578,0.011177139515318067,0.4866478694217798,1.9807357451438745,0.9908712745287677,0.3,1.2680354838901875e-15,0.0
2,2,4,galerkin,162,0.00955394518919198,0.2904817321918374,0.0,0.0,0.3,6.705588104919844e-16,0.0
2,2,8,galerkin,578,0.0012211335277896916,0.07474512918935064,2.9678756361994667,1.9583959649026508,0.3,1.2446144919388723e-15,0.0
2,2,16,galerkin,2178,0.00015356456196497794,0.018831834210047846,2.9913037345184637,1.9888060438159856,0.3,1.934062280353529e-15,0.0
2,1,4,supg,50,0.17397536950956496,1.8773804813232753,0.0,0.0,0.3,3.240756536656435e-16,0.0
2,1,8,supg,162,0.0461185473004061,0.9659930807062971,1.915464096573639,0.9586363047771668,0.3,7.985528411093789e-16,0.0
2,1,16,supg,578,0.011702593355349133,0.48649081231431335,1.9785187959575292,0.9896002961865282,0.3,1.4399335665512384e-15,0.0
2,2,4,supg,162,0.00961951570097571,0.2898331058175602,0.0,0.0,0.3,6.084967131438149e-16,0.0
2,2,8,supg,578,0.001223737476940751,0.07469699267586218,2.9746701665125084,1.9561003283658764,0.3,1.2243356677996164e-15,0.0
2,2,16,supg,2178,0.00015365399824754576,0.01882862163550917,2.993536883095568,1.9881227706738143,0.3,2.024669884715538e-15,0.0
3,1,2,galerkin,54,0.5235598583203428,3.4150709467676346,0.0,0.0,0.3,0.0,0.0
3,1,4,galerkin,250,0.19163779099511957,2.0486718618150412,1.4499724003802856,0.7372266255644052,0.3,3.5541829554932697e-16,0.0
3,1,8,galerkin,1458,0.05338697485788025,1.0737993410520672,1.8438223818134514,0.931964500002548,0.3,6.062189109047168e-16,0.0
3,2,2,galerkin,250,0.09525790212091663,1.295172197853279,0.0,0.0,0.3,3.764548239855187e-16,0.0
3,2,4,galerkin,1458,0.012534066973832279,0.37936272498691875,2.925984169286877,1.7714940861617385,0.3,7.641648516599255e-16,0.0
3,2,8,galerkin,9826,0.001569094961409523,0.10071706084021999,2.9978500353107256,1.9132698433784554,0.3,9.591408115895272e-16,0.0
3,1,2,supg,54,0.5336542939726404,3.4160745867596694,0.0,0.0,0.3,0.0,0.0
3,1,4,supg,250,0.1984260656469691,2.041039605483442,1.4273039002470704,0.7430352976744956,0.3,3.32672228417492e-16,0.0
3,1,8,supg,1458,0.055588599701289196,1.0721633602745122,1.8357406078942544,0.928779438596784,0.3,5.682077169424452e-16,0.0
3,2,2,supg,250,0.09805375136442038,1.2874945852146282,0.0,0.0,0.3,3.25185212841971e-16,0.0
3,2,4,supg,1458,0.01275826702827819,0.37862651179867807,2.942140447154629,1.7657190261914186,0.3,7.015226344374776e-16,0.0
3,2,8,supg,9826,0.0015799042186318884,0.10066142247374386,3.0135233762224813,1.9112645432916058,0.3,9.20431615220781e-16,0.0
