dim,scheme,steps,dt,L2,H1,order,max_residual
1,backward_euler,10,0.05,0.010729600761749614,0.03415876040276738,0.0,3.7710955632158716e-16
1,backward_euler,20,0.025,0.005420345641114453,0.017255363977902345,0.9851396393067998,2.5284398691184257e-16
1,backward_euler,40,0.0125,0.002723498075953948,0.00866994045285905,0.9929240033914188,1.4962157197615715e-16
1,backward_euler,80,0.00625,0.0013650024663133234,0.004345293572708785,0.9965572901331915,1.433610586969806e-16
1,bdf2,10,0.05,0.00037519602779806827,0.00119269053778031,0.0,2.1795890393726672e-16
1,bdf2,20,0.025,9.562326910597976e-05,0.00030396696303318816,1.9722109205568397,2.6270509294746925e-16
1,bdf2,40,0.0125,2.405228995733378e-05,7.646240217762152e-05,1.9911874725874266,2.0596313841059494e-16
1,bdf2,80,0.00625,6.027266884195058e-06,1.9161633434297323e-05,1.9965984027647516,1.576941315601373e-16
2,backward_euler,10,0.05,0.0067157713935626535,0.030710018855933316,0.0,1.4578192149298986e-16
2,backward_euler,20,0.025,0.003385973109423666,0.015483335647854266,0.9879826056870405,8.214558867163729e-17
2,backward_euler,40,0.0125,0.0016998588880140365,0.007773116217649339,0.9941555282130337,4.6013506379721537e-17
2,backward_euler,80,0.00625,0.0008516343913671125,0.003894365174300602,0.9971088714117919,3.342146245744858e-17
2,bdf2,10,0.05,0.0002154785291140911,0.0009862517093731612,0.0,1.2497486737197724e-16
2,bdf2,20,0.025,5.588206348871907e-05,0.0002555278176968409,1.9470869228079453,7.961766423333789e-17
2,bdf2,40,0.0125,1.4115484514483555e-05,6.454156111232e-05,1.9851066441754062,5.823737654036153e-17
2,bdf2,80,0.00625,3.545656284206681e-06,1.6212083434452527e-05,1.9931540568716941,3.9906924076495505e-17
3,backward_euler,10,0.05,0.004927365475641905,0.028180202694725966,0.0,4.199501683322012e-17
3,backward_euler,20,0.025,0.0024836518087454277,0.014204466754492903,0.9883535524927974,2.2918578546437046e-17
3,backward_euler,40,0.0125,0.0012468172577564103,0.0071308427456104745,0.9942129024045951,1.395245583982777e-17
3,backward_euler,80,0.00625,0.0006246592281854864,0.0035725910510801765,0.9971087565273056,1.0273068716974297e-17
3,bdf2,10,0.05,0.0001602123226584026,0.0009165864453113462,0.0,4.102893962221738e-17
3,bdf2,20,0.025,4.0953462429335776e-05,0.0002342251762653987,1.9679277807995914,2.7545652048171944e-17
3,bdf2,40,0.0125,1.0335009857987851e-05,5.910876769739888e-05,1.9864456654690341,1.559467093492043e-17
3,bdf2,80,0.00625,2.5959098005851972e-06,1.4846704325662051e-05,1.993227604505644,1.2087712146633378e-17
